City_ID,City,Country,Date,Lat,Lng,Max Temp,Humidity,Cloudiness,Wind Speed
0,Nuuk,GL,2021-10-03 18:08:38,64.1835,-51.7216,48.81,43,20,16.11
1,Pisco,PE,2021-10-03 18:11:11,-13.7,-76.2167,68.05,64,40,17.27
2,Valdivia,CL,2021-10-03 18:11:11,-39.8142,-73.2459,53.69,49,40,0.92
3,Vestmanna,FO,2021-10-03 18:09:15,62.1564,-7.1664,45.52,93,90,44.87
4,Hobart,AU,2021-10-03 18:11:12,-42.8794,147.3294,54.1,96,90,0.0
5,Mataura,NZ,2021-10-03 18:11:12,-46.1927,168.8643,44.47,92,100,6.91
6,East London,ZA,2021-10-03 18:11:13,-33.0153,27.9116,59.23,68,21,6.15
7,Carutapera,BR,2021-10-03 18:11:13,-1.195,-46.02,87.76,56,49,12.59
8,Punta Arenas,CL,2021-10-03 18:09:59,-53.15,-70.9167,42.91,75,75,35.68
9,Ikalamavony,MG,2021-10-03 18:11:13,-21.15,46.5833,70.66,65,55,4.9
10,Ndele,CF,2021-10-03 18:11:14,8.4109,20.6473,71.85,90,56,1.43
11,Abatskoye,RU,2021-10-03 18:11:14,56.2875,70.4555,31.44,96,99,8.84
12,Tucurui,BR,2021-10-03 18:11:14,-3.7661,-49.6725,89.51,55,99,1.57
13,Kapaa,US,2021-10-03 18:09:56,22.0752,-159.319,78.78,85,90,13.8
14,Vaini,TO,2021-10-03 18:11:15,-21.2,-175.2,73.56,88,90,9.22
15,Ponta Do Sol,PT,2021-10-03 18:11:15,32.6667,-17.1,79.0,73,54,3.18
16,Faanui,PF,2021-10-03 18:07:29,-16.4833,-151.75,78.78,71,22,10.83
17,Eyl,SO,2021-10-03 18:11:15,7.9803,49.8164,78.48,84,80,19.55
18,Eureka,US,2021-10-03 18:11:16,40.8021,-124.1637,61.99,64,73,5.55
19,San Jose,US,2021-10-03 18:07:05,37.3394,-121.895,88.52,29,40,3.44
20,Fortuna,US,2021-10-03 18:06:45,40.5982,-124.1573,61.72,82,1,0.0
21,Cape Town,ZA,2021-10-03 18:06:41,-33.9258,18.4232,58.26,51,13,17.02
22,Makat,KZ,2021-10-03 18:11:16,47.6469,53.3463,52.97,48,11,8.32
23,Avarua,CK,2021-10-03 18:11:17,-21.2078,-159.775,73.45,78,75,4.61
24,Saint George,US,2021-10-03 18:10:33,37.1041,-113.5841,86.47,22,1,4.0
25,Pangnirtung,CA,2021-10-03 18:11:17,66.1451,-65.7125,32.0,100,75,8.05
26,Lazaro Cardenas,MX,2021-10-03 18:11:18,17.9583,-102.2,85.82,62,59,3.71
27,Abu Samrah,SY,2021-10-03 18:11:18,35.3029,37.1841,69.82,65,0,15.79
28,Kuching,MY,2021-10-03 18:11:18,1.55,110.3333,77.22,88,20,1.14
29,Haines Junction,CA,2021-10-03 18:11:18,60.7522,-137.5108,33.08,91,100,3.51
30,Atuona,PF,2021-10-03 18:11:19,-9.8,-139.0333,77.72,73,74,18.28
31,Sychevka,RU,2021-10-03 18:11:19,55.8252,34.2736,42.82,82,100,5.1
32,Kodiak,US,2021-10-03 18:06:47,57.79,-152.4072,40.51,52,1,9.22
33,Verkhnevilyuysk,RU,2021-10-03 18:11:20,63.4453,120.3167,27.32,81,49,3.38
34,Kyshtovka,RU,2021-10-03 18:11:20,56.555,76.6271,30.11,92,99,4.94
35,Novobirilyussy,RU,2021-10-03 18:11:08,56.9514,90.6661,29.52,89,75,3.44
36,Ilulissat,GL,2021-10-03 18:11:20,69.2167,-51.1,30.22,64,86,5.75
37,Georgetown,MY,2021-10-03 18:11:21,5.4112,100.3354,82.89,85,20,0.0
38,Nome,US,2021-10-03 18:11:21,64.5011,-165.4064,21.27,86,1,0.0
39,Iqaluit,CA,2021-10-03 18:11:21,63.7506,-68.5145,40.69,75,37,4.0
40,Lima,PE,2021-10-03 18:10:51,-12.0432,-77.0282,62.85,85,90,1.01
41,Busselton,AU,2021-10-03 18:11:22,-33.65,115.3333,43.09,59,91,5.37
42,Bintulu,MY,2021-10-03 18:11:22,3.1667,113.0333,76.21,90,100,3.06
43,Brasilia,BR,2021-10-03 18:11:22,-15.7797,-47.9297,89.62,35,40,4.61
44,Mar Del Plata,AR,2021-10-03 18:06:39,-38.0023,-57.5575,55.99,51,0,20.0
45,Bereda,ES,2021-10-03 18:10:46,43.2686,-7.5406,56.95,81,40,3.29
46,Dinard,FR,2021-10-03 18:11:23,48.6314,-2.0614,59.68,72,0,11.5
47,Lakshmeshwar,IN,2021-10-03 18:11:23,15.1333,75.4667,78.55,64,64,6.55
48,Bluff,NZ,2021-10-03 18:10:34,-46.6,168.3333,44.8,85,100,22.62
49,Duluth,US,2021-10-03 18:11:06,46.7833,-92.1066,63.66,96,90,1.01
50,Saint-Joseph,RE,2021-10-03 18:11:24,-21.3667,55.6167,71.98,80,25,12.06
51,Praya,CV,2021-10-03 18:11:24,14.9215,-23.5087,86.54,62,20,13.8
52,Sao Filipe,CV,2021-10-03 18:11:25,14.8961,-24.4956,80.02,77,63,7.0
53,Barra Patuca,HN,2021-10-03 18:11:25,15.8,-84.2833,84.29,70,42,6.31
54,Shirokiy,RU,2021-10-03 18:11:25,49.758,129.523,33.24,83,0,7.52
55,Port Alfred,ZA,2021-10-03 18:11:26,-33.5906,26.891,57.11,71,40,8.46
56,Sampit,ID,2021-10-03 18:11:26,-2.5333,112.95,73.92,97,98,3.09
57,Gat,IL,2021-10-03 18:07:29,31.61,34.7642,75.88,69,38,7.58
58,Road Town,VG,2021-10-03 18:11:26,18.4167,-64.6167,87.89,66,40,11.5
59,Aquidauana,BR,2021-10-03 18:11:27,-20.4711,-55.7872,103.48,21,46,12.37
60,Constantine,DZ,2021-10-03 18:11:27,36.365,6.6147,78.96,28,4,6.62
61,Rikitea,PF,2021-10-03 18:11:28,-23.1203,-134.9692,73.13,65,21,16.87
62,Aasiaat,GL,2021-10-03 18:11:28,68.7098,-52.8699,23.09,73,80,7.16
63,Lipari,IT,2021-10-03 18:11:28,38.4674,14.954,74.32,66,59,11.7
64,Hilo,US,2021-10-03 18:10:44,19.7297,-155.09,75.79,84,90,4.61
65,Kaitangata,NZ,2021-10-03 18:06:48,-46.2817,169.8464,49.93,82,100,12.86
66,Butaritari,KI,2021-10-03 18:11:29,3.0707,172.7902,82.83,63,83,16.24
67,Angoche,MZ,2021-10-03 18:11:29,-16.2325,39.9086,77.99,75,5,19.15
68,Saint-Francois,FR,2021-10-03 18:11:29,46.4154,3.9054,55.47,100,90,0.0
69,Lagoa,PT,2021-10-03 18:11:30,39.05,-27.9833,70.99,90,94,11.18
70,Albany,US,2021-10-03 18:07:31,42.6001,-73.9662,67.48,85,100,1.28
71,Tuktoyaktuk,CA,2021-10-03 18:07:03,69.4541,-133.0374,34.92,91,100,20.51
72,Boyolangu,ID,2021-10-03 18:07:33,-8.1181,111.8935,73.78,87,63,4.41
73,Encruzilhada,BR,2021-10-03 18:11:30,-15.5314,-40.9094,92.59,19,5,9.4
74,Port Lincoln,AU,2021-10-03 18:11:31,-34.7333,135.8667,52.5,65,6,24.87
75,Dikson,RU,2021-10-03 18:11:31,73.5069,80.5464,34.48,98,100,23.98
76,Udachnyy,RU,2021-10-03 18:11:31,66.4167,112.4,28.56,76,100,5.7
77,Miraflores,MX,2021-10-03 18:11:31,19.2167,-98.8083,70.56,64,57,3.8
78,Airai,TL,2021-10-03 18:11:32,-8.9266,125.4092,59.41,81,46,1.48
79,Qaanaaq,GL,2021-10-03 18:11:02,77.484,-69.3632,31.84,97,100,8.23
80,Jamestown,US,2021-10-03 18:11:32,42.097,-79.2353,71.19,83,90,13.8
81,Northam,GB,2021-10-03 18:11:32,51.0333,-4.2167,57.61,79,35,17.02
82,Tautira,PF,2021-10-03 18:11:33,-17.7333,-149.15,80.62,77,28,7.74
83,Tabas,IR,2021-10-03 18:11:33,33.5959,56.9244,74.82,19,0,7.09
84,Aksu,CN,2021-10-03 18:11:33,41.1231,80.2644,53.94,52,81,8.25
85,Cabo San Lucas,MX,2021-10-03 18:11:34,22.8909,-109.9124,92.52,62,20,6.91
86,Aklavik,CA,2021-10-03 18:11:34,68.2191,-135.0107,34.52,93,90,14.97
87,Jishou,CN,2021-10-03 18:11:34,28.3167,109.7167,73.92,74,0,1.88
88,Santarem,BR,2021-10-03 18:11:35,-2.4431,-54.7083,89.73,62,0,11.5
89,Rawson,AR,2021-10-03 18:10:51,-43.3002,-65.1023,59.68,31,4,11.61
90,Prince Rupert,CA,2021-10-03 18:11:35,54.3161,-130.3201,44.69,81,75,10.36
91,Lebu,CL,2021-10-03 18:11:36,-37.6167,-73.65,53.02,68,22,22.35
92,Japura,ID,2021-10-03 18:11:36,-0.3167,102.35,74.79,91,100,1.16
93,Nikolskoye,RU,2021-10-03 18:11:36,59.7035,30.7861,51.87,83,2,7.92
94,Saint-Philippe,RE,2021-10-03 18:11:36,-21.3585,55.7679,72.99,83,36,15.59
95,Kiyasovo,RU,2021-10-03 18:11:37,56.3491,53.1244,35.82,72,97,7.05
96,Toora-Khem,RU,2021-10-03 18:11:37,52.4675,96.11,26.58,64,98,0.94
97,Saint Anthony,US,2021-10-03 18:11:37,45.0205,-93.218,70.66,76,75,5.01
98,Grand-Santi,GF,2021-10-03 18:11:38,4.25,-54.3833,92.14,45,38,3.31
99,Saint-Augustin,CA,2021-10-03 18:11:38,51.226,-58.6502,45.59,77,100,8.43
100,Ushuaia,AR,2021-10-03 18:11:38,-54.8,-68.3,47.86,61,75,11.5
101,Regeneracao,BR,2021-10-03 18:11:39,-6.2378,-42.6883,103.77,17,7,7.27
102,Ribeira Grande,PT,2021-10-03 18:11:39,38.5167,-28.7,75.6,78,20,10.36
103,Popondetta,PG,2021-10-03 18:11:39,-8.7537,148.2534,72.41,98,96,3.29
104,Beringovskiy,RU,2021-10-03 18:10:52,63.05,179.3167,38.03,99,100,1.99
105,Pontes E Lacerda,BR,2021-10-03 18:11:40,-15.2261,-59.3353,97.5,31,48,7.67
106,Whitianga,NZ,2021-10-03 18:11:40,-36.8333,175.7,60.03,99,100,9.57
107,Houma,US,2021-10-03 18:10:04,29.5958,-90.7195,89.01,78,100,5.84
108,Lakota,CI,2021-10-03 18:11:40,5.8528,-5.6883,76.46,92,92,4.61
109,Isla Vista,US,2021-10-03 18:11:41,34.4133,-119.861,94.68,31,1,6.91
110,San Cristobal,VE,2021-10-03 18:11:41,7.7669,-72.225,78.89,57,97,6.04
111,Kloulklubed,PW,2021-10-03 18:11:41,7.0419,134.2556,82.74,78,100,8.21
112,Iisalmi,FI,2021-10-03 18:11:42,63.5592,27.1907,50.02,78,96,11.25
113,Novo Oriente,BR,2021-10-03 18:11:42,-5.5344,-40.7742,98.53,16,3,9.13
114,Cockburn Town,TC,2021-10-03 18:11:42,21.4612,-71.1419,82.13,73,96,19.3
115,Hermanus,ZA,2021-10-03 18:10:45,-34.4187,19.2345,55.9,72,44,8.08
116,Conceicao Do Araguaia,BR,2021-10-03 18:11:43,-8.2578,-49.2647,90.41,42,100,2.77
117,Jian,CN,2021-10-03 18:11:43,27.1172,114.9793,80.35,56,0,4.5
118,Mahebourg,MU,2021-10-03 18:11:43,-20.4081,57.7,72.25,78,21,17.31
119,Taoudenni,ML,2021-10-03 18:11:44,22.6783,-3.9836,101.52,8,55,5.55
120,Petropavlovsk-Kamchatskiy,RU,2021-10-03 18:11:44,53.0452,158.6483,46.98,85,100,25.59
121,Kahului,US,2021-10-03 18:09:00,20.8947,-156.47,80.83,69,20,4.61
122,Tasiilaq,GL,2021-10-03 18:11:44,65.6145,-37.6368,41.16,54,0,7.09
123,Lavrentiya,RU,2021-10-03 18:11:18,65.5833,-171.0,23.23,73,84,3.98
124,Beloha,MG,2021-10-03 18:11:45,-25.1667,45.05,72.68,80,9,4.63
125,Bredasdorp,ZA,2021-10-03 18:11:45,-34.5322,20.0403,52.29,82,43,3.51
126,Chuy,UY,2021-10-03 18:11:45,-33.6971,-53.4616,62.56,56,94,11.36
127,Vostok,RU,2021-10-03 18:11:46,46.4856,135.8833,44.55,98,67,5.14
128,Marzuq,YE,2021-10-03 18:11:46,14.4,46.4667,74.82,65,74,10.18
129,Provideniya,RU,2021-10-03 18:11:46,64.3833,-173.3,25.48,78,85,2.53
130,Ahuimanu,US,2021-10-03 18:11:47,21.4447,-157.8378,78.51,76,90,10.36
131,Necochea,AR,2021-10-03 18:11:47,-38.5473,-58.7368,54.03,58,6,22.59
132,Norman Wells,CA,2021-10-03 18:10:14,65.282,-126.8329,35.64,93,90,23.02
133,Zwedru,LR,2021-10-03 18:11:47,6.0667,-8.1281,75.42,84,85,2.15
134,Peniche,PT,2021-10-03 18:10:12,39.3558,-9.3811,67.28,72,27,15.82
135,Krasnoselkup,RU,2021-10-03 18:11:48,65.7,82.4667,23.5,88,98,9.48
136,Igrim,RU,2021-10-03 18:11:48,63.1906,64.4162,29.26,77,59,4.21
137,Okha,RU,2021-10-03 18:11:48,53.5739,142.9478,45.18,70,98,21.34
138,Kamina,CD,2021-10-03 18:11:49,-8.7386,24.9906,68.94,79,99,5.08
139,Coquimbo,CL,2021-10-03 18:11:49,-29.9533,-71.3436,62.33,59,0,13.8
140,Mao,ES,2021-10-03 18:09:39,39.8885,4.2658,75.76,83,40,12.66
141,Tatawin,TN,2021-10-03 18:11:49,32.9297,10.4518,80.37,41,4,14.32
142,Half Moon Bay,US,2021-10-03 18:11:50,37.4636,-122.4286,88.57,59,1,0.0
143,Saint-Pierre,RE,2021-10-03 18:11:50,-21.3393,55.4781,73.08,73,90,0.0
144,Souillac,MU,2021-10-03 18:08:36,-20.5167,57.5167,73.36,79,32,15.41
145,Castro,BR,2021-10-03 18:11:50,-24.7911,-50.0119,65.73,93,100,6.67
146,Whakatane,NZ,2021-10-03 18:11:51,-37.9585,176.9854,60.51,99,100,5.01
147,Lixourion,GR,2021-10-03 18:11:51,38.2019,20.4314,64.4,72,0,0.0
148,Sitka,US,2021-10-03 18:11:51,57.0531,-135.33,42.69,81,75,5.75
149,Charlestown,AU,2021-10-03 18:08:46,-32.95,151.6667,63.73,78,80,1.01
150,Nortelandia,BR,2021-10-03 18:11:52,-14.4547,-56.8028,94.24,35,60,9.55
151,Bago,MM,2021-10-03 18:11:52,17.3367,96.4797,78.93,94,82,2.24
152,Atar,MR,2021-10-03 18:11:52,20.5169,-13.0499,103.46,5,35,9.37
153,Kamenka,RU,2021-10-03 18:11:53,51.3223,42.7678,47.14,64,48,7.61
154,Leningradskiy,RU,2021-10-03 18:11:53,69.3833,178.4167,15.46,84,76,5.03
155,Santa Cruz,BO,2021-10-03 18:11:53,-17.8,-63.1667,94.06,36,38,13.38
156,New Norfolk,AU,2021-10-03 18:11:54,-42.7826,147.0587,53.74,83,67,1.68
157,Sobolevo,RU,2021-10-03 18:11:54,54.4299,31.8996,45.86,79,98,6.42
158,Thompson,CA,2021-10-03 18:11:07,55.7435,-97.8558,62.15,51,96,5.59
159,Richards Bay,ZA,2021-10-03 18:11:54,-28.783,32.0377,60.42,84,100,4.94
160,Omboue,GA,2021-10-03 18:09:19,-1.5746,9.2618,76.84,84,100,9.62
161,Torbay,CA,2021-10-03 18:11:55,47.6666,-52.7314,60.76,83,100,1.99
162,Hithadhoo,MV,2021-10-03 18:11:55,-0.6,73.0833,83.53,75,80,16.04
163,Bentiu,SS,2021-10-03 18:11:55,9.2333,29.8333,76.03,80,78,4.25
164,Isangel,VU,2021-10-03 18:11:56,-19.55,169.2667,74.37,89,22,4.72
165,Kainantu,PG,2021-10-03 18:11:56,-6.2887,145.8655,60.57,94,74,2.06
166,Bambous Virieux,MU,2021-10-03 18:11:56,-20.3428,57.7575,72.21,78,22,17.07
167,Chokurdakh,RU,2021-10-03 18:11:57,70.6333,147.9167,20.46,96,100,8.97
168,Bathsheba,BB,2021-10-03 18:11:57,13.2167,-59.5167,90.21,58,20,23.02
169,Cidreira,BR,2021-10-03 18:11:57,-30.1811,-50.2056,66.04,88,100,11.77
170,Lamar,US,2021-10-03 18:11:58,33.6668,-95.5836,83.98,57,1,9.22
171,Ixtapa,MX,2021-10-03 18:07:45,20.7,-105.2,87.03,58,20,4.61
172,Kalofer,BG,2021-10-03 18:11:58,42.6167,24.9833,53.46,82,4,1.72
173,Ballina,AU,2021-10-03 18:11:58,-28.8667,153.5667,58.78,56,18,7.25
174,Poronaysk,RU,2021-10-03 18:11:59,49.2167,143.1167,45.1,91,100,4.21
175,Asau,RO,2021-10-03 18:11:59,46.4333,26.4,51.76,86,50,1.86
176,Novoagansk,RU,2021-10-03 18:11:59,61.9449,76.6625,28.58,93,73,8.25
177,Port Elizabeth,ZA,2021-10-03 18:12:00,-33.918,25.5701,57.09,71,43,11.1
178,Tual,ID,2021-10-03 18:12:00,-5.6667,132.75,80.8,65,100,6.13
179,Vila Franca Do Campo,PT,2021-10-03 18:12:00,37.7167,-25.4333,75.2,75,91,3.76
180,Kaura Namoda,NG,2021-10-03 18:12:01,12.5898,6.5779,88.14,29,0,5.23
181,Lingao,CN,2021-10-03 18:12:01,19.9103,109.6859,77.94,88,4,8.1
182,Esperance,AU,2021-10-03 18:12:01,-33.8667,121.9,50.88,69,12,8.12
183,Jakarta,ID,2021-10-03 18:12:02,-6.2146,106.8451,83.52,77,82,2.28
184,Teguldet,RU,2021-10-03 18:12:02,57.3064,88.1667,32.4,95,100,3.91
185,Paranhos,BR,2021-10-03 18:12:02,-23.8928,-55.4311,78.94,78,84,3.02
186,Dwarka,IN,2021-10-03 18:12:03,22.2394,68.9678,82.53,84,12,8.77
187,Cao Bang,VN,2021-10-03 18:12:03,22.6667,106.25,72.91,98,10,2.35
188,Kinablangan,PH,2021-10-03 18:12:03,7.6947,126.5503,76.71,84,100,5.39
189,Faya,SA,2021-10-03 18:12:03,18.3851,42.4509,66.72,54,98,5.41
190,Sabha,LY,2021-10-03 18:12:04,27.0377,14.4283,82.09,26,0,8.9
191,Dunedin,NZ,2021-10-03 18:12:04,-45.8742,170.5036,47.39,93,100,11.88
192,Solnechnyy,RU,2021-10-03 18:12:04,50.7214,136.6319,34.75,66,41,4.63
193,Portland,US,2021-10-03 18:09:48,45.5234,-122.6762,65.37,70,75,1.01
194,Zhuhai,CN,2021-10-03 18:12:05,22.2769,113.5678,85.05,79,20,10.36
195,Preeceville,CA,2021-10-03 18:12:05,51.95,-102.6677,68.7,20,51,12.39
196,Clyde River,CA,2021-10-03 18:12:05,70.4692,-68.5914,39.07,78,91,2.01
197,Cabedelo,BR,2021-10-03 18:12:06,-6.9811,-34.8339,86.67,63,25,16.64
198,La Ronge,CA,2021-10-03 18:12:06,55.1001,-105.2842,57.99,42,96,5.01
199,Alta Floresta,BR,2021-10-03 18:12:06,-9.8756,-56.0861,96.94,33,60,2.82
200,Bethel,US,2021-10-03 18:12:07,41.3712,-73.414,77.77,65,40,5.75
201,Palmerston,AU,2021-10-03 18:12:07,-12.486,130.9833,80.58,90,40,8.05
202,Iquique,CL,2021-10-03 18:07:49,-20.2208,-70.1431,62.64,66,5,6.22
203,Mount Isa,AU,2021-10-03 18:12:07,-20.7333,139.5,76.77,23,75,8.05
204,Trotwood,US,2021-10-03 18:12:08,39.7973,-84.3113,72.41,89,90,8.05
205,Aksum,ET,2021-10-03 18:12:08,14.1245,38.7244,66.02,63,91,5.93
206,Sault Sainte Marie,CA,2021-10-03 18:08:48,46.5168,-84.3333,64.69,88,90,5.75
207,Hervey Bay,AU,2021-10-03 18:09:05,-25.2986,152.8535,74.03,94,3,13.0
208,Hastings,GB,2021-10-03 18:12:09,50.8552,0.5729,56.8,87,19,23.91
209,Saskylakh,RU,2021-10-03 18:12:09,71.9167,114.0833,16.02,93,65,10.31
210,Volga,RU,2021-10-03 18:12:09,57.9516,38.3879,42.22,86,45,4.81
211,Jiamusi,CN,2021-10-03 18:12:10,46.8333,130.35,42.37,89,100,8.25
212,Vinh Long,VN,2021-10-03 18:12:10,10.25,105.9667,77.43,88,99,1.95
213,Leesburg,US,2021-10-03 18:12:10,39.1157,-77.5636,86.95,56,40,5.01
214,Luena,AO,2021-10-03 18:12:11,-11.7833,19.9167,68.43,67,82,2.73
215,Isla Mujeres,MX,2021-10-03 18:12:11,21.2311,-86.731,86.16,68,62,9.95
216,Shenjiamen,CN,2021-10-03 18:12:04,29.9576,122.298,76.91,88,0,17.09
217,Sola,VU,2021-10-03 18:12:11,-13.8833,167.55,79.34,78,48,5.28
218,San Quintin,MX,2021-10-03 18:12:12,30.4833,-115.95,81.3,37,98,5.75
219,Laguna,US,2021-10-03 18:12:12,38.421,-121.4238,84.04,33,1,1.01
220,Tara,RU,2021-10-03 18:12:12,56.8944,74.371,29.55,96,99,4.63
221,Hearst,CA,2021-10-03 18:12:13,49.6835,-83.6665,55.87,76,100,4.52
222,At-Bashi,KG,2021-10-03 18:12:13,41.1702,75.8106,45.5,71,96,2.35
223,Olga,RU,2021-10-03 18:12:13,43.7444,135.2892,60.49,90,100,3.51
224,Geelong,AU,2021-10-03 18:12:14,-38.1471,144.3607,58.08,83,75,11.99
225,Talnakh,RU,2021-10-03 18:12:14,69.4865,88.3972,15.13,96,78,1.21
226,Meadow Lake,US,2021-10-03 18:12:14,34.8014,-106.5436,73.49,44,79,6.13
227,Ahipara,NZ,2021-10-03 18:12:14,-35.1667,173.1667,61.18,97,100,11.34
228,North Platte,US,2021-10-03 18:09:35,41.1239,-100.7654,76.32,38,1,1.01
229,Haicheng,CN,2021-10-03 18:12:15,40.8516,122.7475,58.53,88,100,16.82
230,Hofn,IS,2021-10-03 18:12:15,64.2539,-15.2082,47.32,80,100,19.04
231,Upernavik,GL,2021-10-03 18:12:15,72.7868,-56.1549,33.39,60,100,1.57
232,Constitucion,CL,2021-10-03 18:10:40,-35.3333,-72.4167,59.34,50,0,19.66
233,Garmsar,IR,2021-10-03 18:12:16,35.2182,52.3409,75.54,33,0,3.98
234,Barinas,VE,2021-10-03 18:12:16,8.6226,-70.2075,85.12,69,53,7.7
235,Flin Flon,CA,2021-10-03 18:12:17,54.7682,-101.865,63.36,35,79,9.44
236,Sinnamary,GF,2021-10-03 18:10:43,5.3833,-52.95,85.73,66,11,8.37
237,Klaksvik,FO,2021-10-03 18:12:17,62.2266,-6.589,47.32,89,100,31.36
238,Vila Velha,BR,2021-10-03 18:12:17,-20.3297,-40.2925,85.95,54,0,14.97
239,Korla,CN,2021-10-03 18:12:18,41.7597,86.1469,51.89,32,16,4.41
240,Cayey,PR,2021-10-03 18:12:18,18.1119,-66.166,85.15,70,60,4.0
241,Bubaque,GW,2021-10-03 18:12:18,11.2833,-15.8333,82.15,75,100,8.79
242,Hamilton,US,2021-10-03 18:09:39,39.1834,-84.5333,72.05,89,90,8.05
243,Lahij,YE,2021-10-03 18:12:19,13.1667,44.5833,82.9,53,96,14.72
244,Tiznit,MA,2021-10-03 18:12:19,29.5833,-9.5,65.7,67,17,6.26
245,Ancud,CL,2021-10-03 18:12:19,-41.8697,-73.8203,51.33,65,53,12.12
246,Tilichiki,RU,2021-10-03 18:12:20,60.4667,166.1,37.53,94,100,18.57
247,Pinega,RU,2021-10-03 18:12:20,64.7001,43.3936,46.44,91,100,5.19
248,Aldan,RU,2021-10-03 18:12:14,58.6031,125.3894,19.36,95,53,3.4
249,Yerofey Pavlovich,RU,2021-10-03 18:12:20,53.9667,121.9667,28.98,74,8,3.36
250,Fort Frances,CA,2021-10-03 18:10:42,48.5999,-93.4003,65.16,69,75,1.99
251,Burgeo,CA,2021-10-03 18:12:21,47.6167,-57.6152,56.79,65,48,7.72
252,Riosucio,CO,2021-10-03 18:07:50,5.4216,-75.7032,72.03,48,59,1.99
253,Svetlogorsk,BY,2021-10-03 18:12:21,52.6333,29.7333,48.4,70,80,7.27
254,Dingle,PH,2021-10-03 18:12:21,10.9995,122.6711,76.26,92,100,6.4
255,Ketchikan,US,2021-10-03 18:12:22,55.3422,-131.6461,44.58,74,92,8.21
256,Balikpapan,ID,2021-10-03 18:11:40,-1.2675,116.8289,76.46,88,82,7.7
257,Ucluelet,CA,2021-10-03 18:08:05,48.9329,-125.5528,59.09,93,39,7.4
258,Macherla,IN,2021-10-03 18:12:22,16.4833,79.4333,79.02,82,22,3.44
259,Ust-Kut,RU,2021-10-03 18:12:23,56.7938,105.7672,35.1,86,100,1.5
260,Kavieng,PG,2021-10-03 18:12:23,-2.5744,150.7967,80.92,74,28,4.79
261,Chara,RU,2021-10-03 18:12:23,56.9064,118.2631,28.65,70,16,2.46
262,Barrow,US,2021-10-03 18:12:24,71.2906,-156.7887,30.22,80,90,8.05
263,Paso De Patria,AR,2021-10-03 18:12:24,-27.2454,-58.5454,73.08,50,100,15.57
264,Dapaong,TG,2021-10-03 18:12:25,10.8639,0.205,77.99,75,51,8.3
265,Saint Cloud,US,2021-10-03 18:12:23,45.5608,-94.1625,70.57,62,1,1.99
266,Westport,US,2021-10-03 18:08:26,41.1415,-73.3579,79.99,65,1,1.01
267,Puerto Ayora,EC,2021-10-03 18:12:25,-0.7393,-90.3518,72.79,76,50,11.7
268,Severo-Kurilsk,RU,2021-10-03 18:11:55,50.6789,156.125,47.61,82,72,40.31
269,Grindavik,IS,2021-10-03 18:12:26,63.8424,-22.4338,46.87,81,0,24.16
270,Guerrero Negro,MX,2021-10-03 18:12:26,27.9769,-114.0611,83.07,45,63,2.24
271,Key Largo,US,2021-10-03 18:12:26,25.0865,-80.4473,87.01,69,63,16.82
272,Mandurah,AU,2021-10-03 18:12:27,-32.55,115.7,49.15,67,79,4.32
273,Puri,IN,2021-10-03 18:12:27,19.8,85.85,82.92,76,13,11.77
274,Lasa,IT,2021-10-03 18:12:27,46.6166,10.7002,58.03,98,90,5.64
275,Kalmunai,LK,2021-10-03 18:12:28,7.4167,81.8167,81.05,80,71,5.37
276,Nador,MA,2021-10-03 18:12:28,35.174,-2.9287,71.85,64,0,14.97
277,Sikonge,TZ,2021-10-03 18:12:28,-5.6333,32.7667,84.2,21,70,1.68
278,Acapulco,MX,2021-10-03 18:12:28,16.8634,-99.8901,89.42,62,1,5.75
279,Biak,ID,2021-10-03 18:12:29,-0.9131,122.8766,75.38,81,83,7.11
280,Chagoda,RU,2021-10-03 18:12:29,59.164,35.3285,41.63,87,29,4.63
281,Broome,US,2021-10-03 18:10:10,42.2506,-75.833,64.45,79,90,5.01
282,Thunder Bay,CA,2021-10-03 18:09:41,48.4001,-89.3168,59.29,93,86,3.69
283,San Andres,CO,2021-10-03 18:10:10,12.5847,-81.7006,87.82,70,40,9.22
284,Warrington,GB,2021-10-03 18:12:30,53.3925,-2.5802,55.98,81,40,3.0
285,North Bend,US,2021-10-03 18:12:30,43.4065,-124.2243,63.86,82,1,4.61
286,Maceio,BR,2021-10-03 18:12:30,-9.6658,-35.7353,85.44,65,75,14.97
287,Tezu,IN,2021-10-03 18:12:31,27.9167,96.1667,74.16,98,91,1.7
288,Beira,MZ,2021-10-03 18:12:31,-19.8436,34.8389,78.89,89,75,10.36
289,Erzin,TR,2021-10-03 18:12:31,36.9559,36.2,75.92,63,0,4.27
290,Port-Gentil,GA,2021-10-03 18:12:32,-0.7193,8.7815,77.85,85,100,14.99
291,Pevek,RU,2021-10-03 18:12:32,69.7008,170.3133,22.68,91,99,9.46
292,Nanortalik,GL,2021-10-03 18:12:32,60.1432,-45.2371,40.91,71,0,3.33
293,Quatre Cocos,MU,2021-10-03 18:12:33,-20.2078,57.7625,72.09,78,24,16.53
294,Asfi,MA,2021-10-03 18:12:33,32.2994,-9.2372,70.32,73,94,13.06
295,Geraldton,AU,2021-10-03 18:12:33,-28.7667,114.6,46.81,93,0,3.44
296,Myski,RU,2021-10-03 18:12:34,53.709,87.8014,31.15,93,100,3.0
297,Russell,US,2021-10-03 18:12:34,32.3502,-85.1999,81.68,69,75,3.44
298,Porto Santo,PT,2021-10-03 18:12:34,33.072,-16.3415,78.3,78,75,11.5
299,Mount Gambier,AU,2021-10-03 18:12:35,-37.8333,140.7667,50.83,96,51,13.65
300,Tommot,RU,2021-10-03 18:12:35,58.9564,126.2925,23.77,94,35,2.73
301,Longyearbyen,SJ,2021-10-03 18:10:27,78.2186,15.6401,37.24,93,75,4.61
302,Banjar,ID,2021-10-03 18:12:35,-8.19,114.9675,76.91,89,56,6.8
303,Mbulu,TZ,2021-10-03 18:12:36,-3.85,35.5333,67.87,40,86,10.74
304,Minden,DE,2021-10-03 18:12:36,52.2833,8.9167,70.99,60,100,21.85
305,Saldanha,ZA,2021-10-03 18:09:56,-33.0117,17.9442,56.53,71,1,21.39
306,Hambantota,LK,2021-10-03 18:12:36,6.1241,81.1185,80.49,82,22,13.69
307,Honningsvag,NO,2021-10-03 18:12:37,70.9821,25.9704,51.33,71,40,16.11
308,Touros,BR,2021-10-03 18:12:37,-5.1989,-35.4608,86.9,63,32,18.12
309,Buala,SB,2021-10-03 18:12:37,-8.145,159.5921,78.76,84,42,2.66
310,Veraval,IN,2021-10-03 18:12:38,20.9,70.3667,80.8,84,49,8.84
311,Codrington,AU,2021-10-03 18:12:38,-38.2667,141.9667,49.23,91,58,13.29
312,Tuatapere,NZ,2021-10-03 18:12:38,-46.1333,167.6833,44.82,94,100,3.6
313,Pacific Grove,US,2021-10-03 18:07:43,36.6177,-121.9166,91.17,55,1,3.0
314,Komsomolskiy,UZ,2021-10-03 18:12:39,40.4272,71.7189,57.92,77,75,6.91
315,Puerto Madryn,AR,2021-10-03 18:08:27,-42.7692,-65.0385,60.73,29,3,17.07
316,Danilov,RU,2021-10-03 18:12:39,58.1908,40.1717,45.1,83,100,3.18
317,Yanam,IN,2021-10-03 18:12:39,16.7333,82.2167,77.95,87,5,1.41
318,Salalah,OM,2021-10-03 18:12:40,17.0151,54.0924,82.49,83,75,8.05
319,Male,MV,2021-10-03 18:12:40,4.1748,73.5089,82.65,78,13,18.03
320,Deniliquin,AU,2021-10-03 18:12:40,-35.5333,144.9667,48.99,88,35,11.79
321,Kruisfontein,ZA,2021-10-03 18:12:29,-34.0033,24.7314,54.88,75,40,6.46
322,Shimoda,JP,2021-10-03 18:12:41,34.6667,138.95,66.11,82,28,1.63
323,Esso,RU,2021-10-03 18:09:05,55.9333,158.7,37.54,99,100,5.44
324,Vardo,NO,2021-10-03 18:12:41,70.3705,31.1107,50.2,76,0,21.85
325,Yulara,AU,2021-10-03 18:12:42,-25.2406,130.9889,55.24,38,0,6.91
326,Raudeberg,NO,2021-10-03 18:12:42,61.9875,5.1352,56.07,54,100,10.0
327,Manggar,ID,2021-10-03 18:12:42,-2.8833,108.2667,80.19,78,100,4.81
328,Kashira,RU,2021-10-03 18:12:43,54.8444,38.1669,39.54,73,82,5.97
329,Fare,PF,2021-10-03 18:12:43,-16.7,-151.0167,78.06,73,30,9.73
330,Melita,CA,2021-10-03 18:12:43,49.2681,-100.9967,74.17,25,70,11.3
331,Henties Bay,NA,2021-10-03 18:12:43,-22.116,14.2845,54.86,88,3,5.1
332,Aswan,EG,2021-10-03 18:12:44,24.0934,32.907,84.52,26,3,13.51
333,La Sarre,CA,2021-10-03 18:12:44,48.8002,-79.1996,60.6,51,23,6.98
334,Sorland,NO,2021-10-03 18:12:45,67.667,12.6934,53.67,83,100,24.54
335,Soyo,AO,2021-10-03 18:12:45,-6.1349,12.3689,75.52,80,36,10.09
336,Karachi,PK,2021-10-03 18:10:40,24.9056,67.0822,82.22,83,40,8.05
337,Kedougou,SN,2021-10-03 18:12:45,12.5579,-12.1743,81.82,80,78,1.25
338,Sale,MA,2021-10-03 18:12:46,34.0389,-6.8166,74.08,64,75,6.91
339,Okhotsk,RU,2021-10-03 18:12:46,59.3833,143.3,32.43,73,3,21.34
340,Cayenne,GF,2021-10-03 18:12:46,4.9333,-52.3333,87.84,73,75,5.01
341,Belize,BZ,2021-10-03 18:12:47,17.25,-88.75,88.83,77,83,4.07
342,Namibe,AO,2021-10-03 18:12:47,-15.1961,12.1522,62.38,80,5,6.35
343,Luderitz,NA,2021-10-03 18:08:58,-26.6481,15.1594,61.77,48,1,27.87
344,Aljezur,PT,2021-10-03 18:12:47,37.3191,-8.8033,63.52,66,12,19.6
345,Khatanga,RU,2021-10-03 18:12:48,71.9667,102.5,17.04,95,90,10.29
346,Bonthe,SL,2021-10-03 18:12:48,7.5264,-12.505,79.0,83,84,5.75
347,Sharan,RU,2021-10-03 18:12:48,54.8167,54.0,42.96,64,100,7.25
348,Menomonie,US,2021-10-03 18:12:49,44.8755,-91.9193,66.69,77,100,11.5
349,Turukhansk,RU,2021-10-03 18:12:49,65.8167,87.9833,29.98,97,95,4.21
350,Chingirlau,KZ,2021-10-03 18:12:49,51.095,54.0814,50.11,66,100,5.57
351,Bulgan,MN,2021-10-03 18:12:21,48.8125,103.5347,31.17,87,5,0.69
352,Bad Durkheim,DE,2021-10-03 18:12:50,49.4686,8.1664,65.17,89,100,14.12
353,Duldurga,RU,2021-10-03 18:12:50,50.6761,113.5931,34.57,79,100,4.79
354,Yining,CN,2021-10-03 18:12:50,29.0361,114.5636,75.9,77,0,2.62
355,Port Blair,IN,2021-10-03 18:12:51,11.6667,92.75,79.99,83,55,6.44
356,Beberibe,BR,2021-10-03 18:12:51,-4.1797,-38.1306,89.17,65,14,15.26
357,Skelleftea,SE,2021-10-03 18:12:51,64.7507,20.9528,55.0,60,40,4.0
358,Bam,IR,2021-10-03 18:12:51,29.106,58.357,79.32,18,5,10.04
359,Lawrenceburg,US,2021-10-03 18:08:37,38.0373,-84.8966,72.86,94,90,1.99
360,Mana,GF,2021-10-03 18:12:52,5.6592,-53.7767,84.87,68,31,10.11
361,Ugoofaaru,MV,2021-10-03 18:12:52,5.6667,73.0,82.15,78,4,17.05
362,Vredendal,ZA,2021-10-03 18:12:53,-31.6683,18.5012,56.77,63,0,18.05
363,Ambilobe,MG,2021-10-03 18:12:53,-13.2,49.05,72.19,76,11,3.78
364,Pandan,PH,2021-10-03 18:12:53,14.0453,124.1694,79.9,88,100,9.8
365,Shu,KZ,2021-10-03 18:12:53,43.5983,73.7614,49.64,34,94,5.03
366,Nouadhibou,MR,2021-10-03 18:08:21,20.931,-17.0347,73.27,75,3,20.74
367,Front Royal,US,2021-10-03 18:08:38,38.9182,-78.1944,86.09,56,1,1.01
368,Yellowknife,CA,2021-10-03 18:12:54,62.456,-114.3525,51.42,54,21,11.01
369,Ilhabela,BR,2021-10-03 18:08:12,-23.7781,-45.3581,74.84,86,65,0.87
370,Ocampo,MX,2021-10-03 18:12:55,21.65,-101.5,65.95,65,99,8.32
371,Praia,CV,2021-10-03 18:12:55,14.9215,-23.5087,86.54,62,20,13.8
372,Qrendi,MT,2021-10-03 18:12:55,35.8347,14.4583,74.1,78,20,5.75
373,Roald,NO,2021-10-03 18:12:56,62.5833,6.1333,57.34,54,0,0.0
374,Nemuro,JP,2021-10-03 18:12:56,43.3236,145.575,61.0,85,35,31.0
375,Xambioa,BR,2021-10-03 18:12:56,-6.4111,-48.5364,90.86,42,72,4.14
376,Sayyan,YE,2021-10-03 18:12:56,15.1718,44.3244,62.65,51,75,2.44
377,Sao Joao Da Barra,BR,2021-10-03 18:12:57,-21.6403,-41.0511,84.29,77,34,17.54
378,Muriti,TZ,2021-10-03 18:12:57,-1.9833,32.9167,74.46,67,98,9.95
379,Puerto Baquerizo Moreno,EC,2021-10-03 18:12:57,-0.9,-89.6,76.19,69,75,17.27
380,Nakhon Phanom,TH,2021-10-03 18:12:58,17.3333,104.4167,73.31,84,43,4.9
381,Zhuanghe,CN,2021-10-03 18:12:58,39.7008,122.9911,67.48,96,100,2.75
382,Conakry,GN,2021-10-03 18:12:58,9.538,-13.6773,83.35,78,91,7.65
383,Bacolod,PH,2021-10-03 18:12:59,10.6667,122.95,77.67,87,100,6.02
384,Gamba,GA,2021-10-03 18:12:59,-2.65,10.0,76.14,82,78,7.61
385,Celestun,MX,2021-10-03 18:08:39,20.8667,-90.4,88.18,57,60,7.78
386,Evensk,RU,2021-10-03 18:12:17,61.95,159.2333,40.5,61,100,20.02
387,Mugumu,TZ,2021-10-03 18:13:00,-1.85,34.7,66.97,75,100,6.29
388,Avera,US,2021-10-03 18:13:00,33.194,-82.5271,85.51,42,66,2.42
389,Tiksi,RU,2021-10-03 18:13:00,71.6872,128.8694,24.31,92,74,10.6
390,Smirnykh,RU,2021-10-03 18:13:01,49.75,142.8333,41.77,94,100,4.79
391,Mecca,SA,2021-10-03 18:13:01,21.4267,39.8261,87.64,41,100,5.84
392,Bajil,YE,2021-10-03 18:13:01,15.0584,43.2851,88.41,49,100,5.01
393,Riverton,US,2021-10-03 18:13:01,40.5219,-111.9391,76.44,37,1,3.0
394,Yokadouma,CM,2021-10-03 18:13:02,3.5167,15.05,71.15,96,76,1.14
395,Marau,BR,2021-10-03 18:13:02,-28.4492,-52.2,64.33,99,100,2.93
396,Black River,JM,2021-10-03 18:13:02,18.0264,-77.8487,85.98,63,22,9.28
397,San Alberto,CO,2021-10-03 18:13:03,7.7611,-73.3922,87.06,72,75,3.53
398,Narsaq,GL,2021-10-03 18:13:03,60.9167,-46.05,44.82,51,1,5.82
399,Deputatskiy,RU,2021-10-03 18:13:03,69.3,139.9,17.35,95,92,3.74
400,Los Llanos De Aridane,ES,2021-10-03 18:13:04,28.6585,-17.9182,71.35,73,40,13.8
401,Caravelas,BR,2021-10-03 18:13:04,-17.7125,-39.2481,81.77,67,3,14.52
402,Lucea,JM,2021-10-03 18:13:04,18.451,-78.1736,85.86,73,15,13.06
403,Pitimbu,BR,2021-10-03 18:13:05,-7.4706,-34.8086,86.59,65,28,14.58
404,Nabire,ID,2021-10-03 18:13:05,-3.3667,135.4833,75.36,91,100,3.98
405,Gargzdai,LT,2021-10-03 18:13:05,55.7128,21.4033,55.92,66,94,17.31
406,Rameswaram,IN,2021-10-03 18:13:06,9.2833,79.3,82.99,78,88,14.03
407,Arraial Do Cabo,BR,2021-10-03 18:10:17,-22.9661,-42.0278,80.46,69,20,23.02
408,Qeshm,IR,2021-10-03 18:13:06,26.9581,56.2719,89.47,73,100,21.77
409,Naze,JP,2021-10-03 18:13:06,28.3667,129.4833,77.25,63,0,19.82
410,Ariquemes,BR,2021-10-03 18:13:07,-9.9133,-63.0408,94.23,38,37,3.36
411,Saint-Louis,SN,2021-10-03 18:13:07,16.3333,-15.0,98.26,27,55,1.41
412,Berkakit,RU,2021-10-03 18:13:07,56.5807,124.7681,28.17,81,99,6.02
413,Honiara,SB,2021-10-03 18:13:08,-9.4333,159.95,77.22,89,28,2.95
414,Vila,PT,2021-10-03 18:13:08,42.0304,-8.1588,53.92,72,53,5.14
415,Katsuura,JP,2021-10-03 18:13:08,35.1333,140.3,70.11,80,2,6.15
416,Uyemskiy,RU,2021-10-03 18:13:08,64.4743,40.8524,46.45,93,40,4.47
417,Severo-Yeniseyskiy,RU,2021-10-03 18:13:09,60.3725,93.0408,30.16,98,99,1.63
418,Broken Hill,AU,2021-10-03 18:13:09,-31.95,141.4333,51.55,56,0,9.93
419,Bud,US,2021-10-03 18:13:09,39.447,-86.1758,74.03,88,100,9.24
420,Hoi An,VN,2021-10-03 18:13:10,15.8794,108.335,80.56,87,98,5.01
421,Brae,GB,2021-10-03 18:13:10,60.3964,-1.353,49.91,90,77,39.82
422,Warmbad,NA,2021-10-03 18:13:10,-28.45,18.7333,61.47,13,0,7.31
423,Hualmay,PE,2021-10-03 18:13:11,-11.0964,-77.6139,67.03,71,59,12.39
424,Ende,ID,2021-10-03 18:13:11,-8.8432,121.6623,77.5,84,76,4.56
425,Ozernovskiy,RU,2021-10-03 18:12:17,51.5,156.5167,48.11,88,100,34.05
426,Sangueya,GN,2021-10-03 18:13:12,10.7,-14.3667,80.08,87,100,4.68
427,Guadix,ES,2021-10-03 18:13:12,37.2993,-3.1392,60.87,74,84,11.01
428,Neyshabur,IR,2021-10-03 18:13:12,36.2133,58.7958,58.53,31,0,4.92
429,Paamiut,GL,2021-10-03 18:13:12,61.994,-49.6678,40.55,70,4,9.35
430,Carnarvon,AU,2021-10-03 18:13:13,-24.8667,113.6333,62.67,77,1,16.11
431,Oranjemund,NA,2021-10-03 18:13:13,-28.55,16.4333,55.58,74,0,26.69
432,Tias,ES,2021-10-03 18:13:13,28.9611,-13.645,74.88,65,20,17.27
433,Vestmannaeyjar,IS,2021-10-03 18:13:14,63.4427,-20.2734,50.99,71,40,4.61
434,Najran,SA,2021-10-03 18:12:13,17.4924,44.1277,79.16,30,78,3.13
435,Mozarlandia,BR,2021-10-03 18:13:14,-14.7447,-50.5706,98.85,25,47,8.19
436,Bengkulu,ID,2021-10-03 18:13:14,-3.8004,102.2655,75.63,91,88,4.92
437,Shache,CN,2021-10-03 18:13:15,38.4167,77.2406,61.56,24,91,13.15
438,Vao,NC,2021-10-03 18:13:15,-22.6667,167.4833,71.91,89,1,3.18
439,Miles City,US,2021-10-03 18:13:15,46.4083,-105.8406,72.57,24,1,5.75
440,Crowley,US,2021-10-03 18:12:06,30.2141,-92.3746,86.18,82,99,1.23
441,Tsumeb,NA,2021-10-03 18:13:16,-19.2333,17.7167,78.28,11,1,7.96
442,Bilibino,RU,2021-10-03 18:13:12,68.0546,166.4372,17.53,96,97,3.04
443,Polson,US,2021-10-03 18:13:16,47.6936,-114.1632,67.41,48,5,1.01
444,Mogadishu,SO,2021-10-03 18:13:16,2.0371,45.3438,78.71,85,21,16.71
445,Talaya,RU,2021-10-03 18:13:17,61.3833,152.75,23.92,95,100,7.05
446,Padang,ID,2021-10-03 18:13:17,-0.9492,100.3543,77.74,87,98,2.68
447,Jatiroto,ID,2021-10-03 18:13:17,-7.8833,111.1167,72.16,86,30,4.47
448,Mezhdurechenskiy,RU,2021-10-03 18:13:18,59.6,65.9333,29.21,89,90,6.87
449,Porto Walter,BR,2021-10-03 18:13:18,-8.2686,-72.7439,97.25,33,16,5.12
450,Yashkul,RU,2021-10-03 18:13:18,46.1711,45.3435,54.14,43,99,14.54
451,Acajutla,SV,2021-10-03 18:13:19,13.5928,-89.8275,86.31,61,24,6.49
452,Bay Roberts,CA,2021-10-03 18:13:19,47.5999,-53.2648,61.52,66,100,1.01
453,Aykhal,RU,2021-10-03 18:13:19,66.0,111.5,27.32,67,100,5.19
454,Inirida,CO,2021-10-03 18:13:20,3.8653,-67.9239,91.45,50,92,2.46
455,Muttupet,IN,2021-10-03 18:13:20,10.4,79.4833,81.86,80,58,6.26
456,Alice Springs,AU,2021-10-03 18:13:20,-23.7,133.8833,54.95,47,0,0.0
457,Muroto,JP,2021-10-03 18:13:20,33.2833,134.15,73.74,74,0,10.16
458,High Rock,BS,2021-10-03 18:13:21,26.6208,-78.2833,87.82,61,5,11.99
459,Sanchor,IN,2021-10-03 18:13:21,24.7553,71.7722,84.34,65,7,8.59
460,Victoria,HK,2021-10-03 18:11:42,22.2855,114.1577,85.32,78,60,1.99
461,Kalispell,US,2021-10-03 18:13:22,48.1958,-114.3129,66.67,45,1,3.0
462,Ormara,PK,2021-10-03 18:13:22,25.2088,64.6357,81.84,87,6,19.91
463,Gazojak,TM,2021-10-03 18:13:22,41.1875,61.4036,51.26,31,0,10.67
464,Launceston,AU,2021-10-03 18:13:22,-41.45,147.1667,53.62,91,40,1.01
465,Mbaiki,CF,2021-10-03 18:13:23,3.8678,17.9892,71.44,96,69,2.28
466,Catalina Foothills,US,2021-10-03 18:13:23,32.2979,-110.9187,89.92,28,1,3.0
467,Pangkalanbuun,ID,2021-10-03 18:13:23,-2.6833,111.6167,72.81,99,100,0.2
468,Moron,AR,2021-10-03 18:10:49,-34.6534,-58.6198,63.01,35,3,7.0
469,Dire,ML,2021-10-03 18:13:24,12.2833,-10.9667,81.41,76,58,2.84
470,Heyang,CN,2021-10-03 18:13:24,26.1011,107.473,67.19,90,5,6.89
471,Praia Da Vitoria,PT,2021-10-03 18:13:25,38.7333,-27.0667,75.76,86,99,8.88
472,Ascension,US,2021-10-03 18:13:25,30.2169,-90.9001,88.0,73,40,0.0
473,Stokmarknes,NO,2021-10-03 18:13:25,68.5646,14.9108,53.58,62,75,11.5
474,Ayan,RU,2021-10-03 18:13:08,56.45,138.1667,39.65,61,97,14.41
475,Yaan,NG,2021-10-03 18:13:26,7.3833,8.5667,78.1,83,89,5.03
476,Ukiah,US,2021-10-03 18:13:26,39.1502,-123.2078,89.65,28,1,3.44
477,Lompoc,US,2021-10-03 18:11:02,34.6391,-120.4579,95.11,50,1,4.61
478,Thinadhoo,MV,2021-10-03 18:13:04,0.5333,72.9333,83.7,75,23,15.75
479,Sanmenxia,CN,2021-10-03 18:13:27,34.7747,111.1814,70.84,96,80,3.91
480,Mukhen,RU,2021-10-03 18:11:56,48.1,136.1,41.9,97,100,3.96
481,Muzaffarabad,PK,2021-10-03 18:13:27,34.37,73.4711,68.54,80,0,5.35
482,Hovd,MN,2021-10-03 18:13:27,48.0056,91.6419,33.6,35,2,3.62
483,Douentza,ML,2021-10-03 18:13:28,14.9951,-2.9517,97.23,21,55,2.82
484,Mehamn,NO,2021-10-03 18:13:28,71.0357,27.8492,51.75,62,20,20.71
485,Port Macquarie,AU,2021-10-03 18:13:28,-31.4333,152.9167,57.16,67,54,7.11
486,Gold Coast,AU,2021-10-03 18:13:29,-28.0,153.4333,64.0,88,2,8.05
487,Bone,DE,2021-10-03 18:13:29,51.9669,12.1396,68.38,67,100,10.27
488,Luau,AO,2021-10-03 18:13:29,-10.7073,22.2247,70.92,78,69,4.0
489,Gubkinskiy,RU,2021-10-03 18:13:29,64.434,76.5026,26.96,85,76,7.4
490,Lengshuijiang,CN,2021-10-03 18:13:30,27.6881,111.4294,77.07,66,0,3.0
491,Dalbandin,PK,2021-10-03 18:13:30,28.8947,64.4101,74.25,16,22,3.02
492,Moose Factory,CA,2021-10-03 18:13:31,51.2585,-80.6094,59.23,57,34,5.97
493,Cumpas,MX,2021-10-03 18:13:31,29.9833,-109.7833,85.86,25,2,1.63
494,Gidam,IN,2021-10-03 18:13:31,18.9833,81.4,74.25,95,99,0.76
495,Cherskiy,RU,2021-10-03 18:11:45,68.75,161.3,17.49,97,99,3.31
496,Dolores,AR,2021-10-03 18:10:16,-36.3132,-57.6792,56.98,47,2,16.96
497,Jumla,NP,2021-10-03 18:13:32,29.2747,82.1838,56.35,92,75,3.49
498,Hit,IQ,2021-10-03 18:13:32,33.6416,42.8251,85.89,26,0,10.78
499,Srednekolymsk,RU,2021-10-03 18:13:32,67.45,153.6833,24.17,92,99,3.49
500,Gossas,SN,2021-10-03 18:13:33,14.4912,-16.0642,94.59,45,10,5.5
501,Fairbanks,US,2021-10-03 18:11:08,64.8378,-147.7164,35.6,95,90,5.75
502,Cleburne,US,2021-10-03 18:10:15,32.3476,-97.3867,85.68,48,40,10.36
503,Khani,GE,2021-10-03 18:13:33,41.9563,42.9566,49.57,97,100,3.24
504,Stoke-On-Trent,GB,2021-10-03 18:13:34,53.0042,-2.1854,55.11,92,22,5.99
505,Kalmar,SE,2021-10-03 18:13:34,56.6616,16.3616,59.14,82,0,13.8
506,Kaka,TM,2021-10-03 18:13:34,37.3482,59.6143,59.13,23,0,6.38
507,High Level,CA,2021-10-03 18:13:35,58.5169,-117.136,49.03,44,72,9.71
508,Ambovombe,MG,2021-10-03 18:13:35,-25.1667,46.0833,72.32,78,3,6.04
509,Coahuayana,MX,2021-10-03 18:13:35,18.7333,-103.6833,89.08,56,68,4.38
510,Shihezi,CN,2021-10-03 18:13:36,44.3,86.0333,47.43,49,1,6.22
511,Kununurra,AU,2021-10-03 18:13:36,-15.7667,128.7333,75.18,73,38,0.0
512,Artesia,US,2021-10-03 18:09:04,33.8658,-118.0831,96.93,25,1,1.99
513,Noumea,NC,2021-10-03 18:13:36,-22.2763,166.4572,71.58,89,40,3.04
514,Patacamaya,BO,2021-10-03 18:13:37,-17.2333,-67.9167,64.44,19,9,11.21
515,Shushtar,IR,2021-10-03 18:13:37,32.0455,48.8567,92.68,10,0,1.32
516,Christchurch,NZ,2021-10-03 18:09:45,-43.5333,172.6333,52.92,89,75,1.14
517,Sulangan,PH,2021-10-03 18:13:38,11.1373,123.7228,80.33,79,100,7.78
518,Kizukuri,JP,2021-10-03 18:13:38,40.8061,140.3861,67.95,82,40,11.12
519,Qarqin,AF,2021-10-03 18:13:38,37.4185,66.0436,60.87,19,0,11.39
520,Morehead,US,2021-10-03 18:13:38,37.2711,-87.1764,78.55,69,40,5.75
521,Kaseda,JP,2021-10-03 18:13:39,31.4167,130.3167,73.24,76,0,10.6
522,Menongue,AO,2021-10-03 18:13:39,-14.6585,17.691,73.78,15,8,4.56
523,Seoul,KR,2021-10-03 18:10:45,37.5683,126.9778,71.04,64,99,1.88
524,Fonte Boa,BR,2021-10-03 18:13:39,-2.4959,-66.2662,94.68,42,77,4.74
525,Kavaratti,IN,2021-10-03 18:13:26,10.5669,72.642,81.59,80,100,9.75
526,Kameoka,JP,2021-10-03 18:13:40,35.0,135.5833,69.15,91,0,3.31
527,San Patricio,US,2021-10-03 18:13:40,28.017,-97.5169,90.01,58,57,7.87
528,Fairview,US,2021-10-03 18:13:41,40.8126,-73.999,80.55,49,75,1.99
529,Ulladulla,AU,2021-10-03 18:13:41,-35.35,150.4667,59.09,91,61,4.63
530,Tolbazy,RU,2021-10-03 18:13:41,54.0241,55.8825,41.76,62,100,5.99
531,Manado,ID,2021-10-03 18:13:42,1.487,124.8455,75.97,94,40,2.3
532,Manakara,MG,2021-10-03 18:13:42,-22.1333,48.0167,72.37,85,7,13.0
533,Mindelo,CV,2021-10-03 18:13:42,16.8901,-24.9804,83.75,65,20,18.41
534,Jiuquan,CN,2021-10-03 18:13:43,39.7432,98.5174,47.57,30,97,6.67
535,Akyab,MM,2021-10-03 18:13:43,20.15,92.9,81.48,78,94,5.06
536,Capitao Poco,BR,2021-10-03 18:13:43,-1.7464,-47.0594,92.84,39,94,7.11
537,Caronport,CA,2021-10-03 18:13:44,50.4501,-105.8179,67.68,19,12,10.56
538,Trastenik,BG,2021-10-03 18:13:44,43.52,24.4685,57.04,58,1,4.61
539,Rio Novo Do Sul,BR,2021-10-03 18:13:44,-20.8625,-40.9364,88.57,49,27,9.51
540,Teguise,ES,2021-10-03 18:08:49,29.0605,-13.564,73.62,65,20,17.27
541,Lorengau,PG,2021-10-03 18:13:45,-2.0226,147.2712,79.07,80,6,3.69
542,Binika,IN,2021-10-03 18:13:45,21.0333,83.8,78.26,87,84,2.1
543,Biskamzha,RU,2021-10-03 18:13:45,53.4497,89.5272,27.5,88,98,1.92
544,Xam Nua,LA,2021-10-03 18:13:46,20.4197,104.0439,65.71,99,91,2.1
545,Waddan,LY,2021-10-03 18:13:46,29.1614,16.139,82.42,28,0,6.89
546,Araouane,ML,2021-10-03 18:13:46,18.9048,-3.5265,100.85,9,68,4.0
547,Rodrigues Alves,BR,2021-10-03 18:13:47,-7.738,-72.6509,93.94,42,28,3.33
548,Ndjole,GA,2021-10-03 18:13:47,-0.1783,10.7649,75.69,94,81,3.38
549,Mayo,US,2021-10-03 18:13:47,38.8876,-76.5119,88.39,72,42,3.0
550,Carlos Chagas,BR,2021-10-03 18:13:48,-17.7031,-40.7664,98.73,17,2,8.99
551,Lata,PT,2021-10-03 18:13:48,40.1629,-8.3327,64.04,65,2,9.57
552,Portogruaro,IT,2021-10-03 18:13:48,45.7753,12.8386,70.16,88,45,3.06
553,Mandera,KE,2021-10-03 18:13:49,3.9366,41.867,92.68,32,32,11.41
554,Bara,NG,2021-10-03 18:13:49,10.3744,10.7288,83.19,51,13,1.9
555,Swan River,CA,2021-10-03 18:13:49,52.1058,-101.2676,70.18,25,82,12.62
556,Talcahuano,CL,2021-10-03 18:13:50,-36.7167,-73.1167,60.48,48,0,19.57
557,Reinosa,ES,2021-10-03 18:13:50,42.9996,-4.138,53.2,94,86,4.23
558,Igurubi,TZ,2021-10-03 18:13:50,-4.0,33.7,81.66,41,80,10.25
559,Troitskoye,RU,2021-10-03 18:13:50,52.9821,84.6757,34.68,86,100,4.88
560,Manokwari,ID,2021-10-03 18:13:51,-0.8667,134.0833,79.16,74,92,1.95
561,Kitimat,CA,2021-10-03 18:13:51,54.0524,-128.6534,45.91,63,100,1.99
562,Phalaborwa,ZA,2021-10-03 18:13:51,-23.943,31.1411,60.6,78,98,15.3
563,Sanchazi,CN,2021-10-03 18:13:52,42.0817,126.6003,57.47,99,100,2.06
564,Namatanai,PG,2021-10-03 18:13:52,-3.6667,152.4333,79.09,79,22,5.14
565,Imuris,MX,2021-10-03 18:13:52,30.7833,-110.8667,84.34,25,12,4.05
566,College,US,2021-10-03 18:11:02,64.8569,-147.8028,35.58,96,75,4.61
567,Balykshi,KZ,2021-10-03 18:13:53,47.0667,51.8667,42.8,52,0,6.71
568,Port Hawkesbury,CA,2021-10-03 18:13:53,45.6169,-61.3485,60.91,73,56,7.0
569,Lubango,AO,2021-10-03 18:13:53,-14.9172,13.4925,63.7,35,29,5.48
570,Muskegon,US,2021-10-03 18:13:54,43.3,-86.1334,72.21,91,90,4.61
571,Axim,GH,2021-10-03 18:13:54,4.8699,-2.2405,78.64,85,88,8.01
